名字,时间,频数
虎杖悠仁,2020-11-04,43
五条悟,2020-11-04,65
伏黑惠,2020-11-04,27
七海建人,2020-11-04,6
钉崎野蔷薇,2020-11-04,4
家入硝子,2020-11-04,0
两面宿傩,2020-11-04,10
漏瑚,2020-11-04,1
狗卷棘,2020-11-04,4
禅院真希,2020-11-04,0
熊猫,2020-11-04,0
东堂葵,2020-11-04,0
三轮霞,2020-11-04,0
伊地知洁高,2020-11-04,0
夏油杰,2020-11-04,0
乙骨优太,2020-11-04,0
虎杖悠仁,2020-11-03,53
五条悟,2020-11-03,75
伏黑惠,2020-11-03,51
七海建人,2020-11-03,5
钉崎野蔷薇,2020-11-03,6
家入硝子,2020-11-03,0
两面宿傩,2020-11-03,4
漏瑚,2020-11-03,2
狗卷棘,2020-11-03,0
禅院真希,2020-11-03,0
熊猫,2020-11-03,32
东堂葵,2020-11-03,1
三轮霞,2020-11-03,0
伊地知洁高,2020-11-03,0
夏油杰,2020-11-03,0
乙骨优太,2020-11-03,0
虎杖悠仁,2020-11-02,44
五条悟,2020-11-02,43
伏黑惠,2020-11-02,10
七海建人,2020-11-02,0
钉崎野蔷薇,2020-11-02,8
家入硝子,2020-11-02,0
两面宿傩,2020-11-02,24
漏瑚,2020-11-02,0
狗卷棘,2020-11-02,2
禅院真希,2020-11-02,0
熊猫,2020-11-02,10
东堂葵,2020-11-02,3
三轮霞,2020-11-02,0
伊地知洁高,2020-11-02,0
夏油杰,2020-11-02,1
乙骨优太,2020-11-02,1
虎杖悠仁,2020-11-01,68
五条悟,2020-11-01,78
伏黑惠,2020-11-01,32
七海建人,2020-11-01,1
钉崎野蔷薇,2020-11-01,22
家入硝子,2020-11-01,0
两面宿傩,2020-11-01,29
漏瑚,2020-11-01,6
狗卷棘,2020-11-01,12
禅院真希,2020-11-01,0
熊猫,2020-11-01,36
东堂葵,2020-11-01,1
三轮霞,2020-11-01,0
伊地知洁高,2020-11-01,0
夏油杰,2020-11-01,0
乙骨优太,2020-11-01,1
虎杖悠仁,2020-10-04,116
五条悟,2020-10-04,226
伏黑惠,2020-10-04,233
七海建人,2020-10-04,10
钉崎野蔷薇,2020-10-04,11
家入硝子,2020-10-04,0
两面宿傩,2020-10-04,80
漏瑚,2020-10-04,4
狗卷棘,2020-10-04,8
禅院真希,2020-10-04,3
熊猫,2020-10-04,42
东堂葵,2020-10-04,3
三轮霞,2020-10-04,0
伊地知洁高,2020-10-04,0
夏油杰,2020-10-04,8
乙骨优太,2020-10-04,2
虎杖悠仁,2020-10-03,109
五条悟,2020-10-03,203
伏黑惠,2020-10-03,84
七海建人,2020-10-03,17
钉崎野蔷薇,2020-10-03,17
家入硝子,2020-10-03,2
两面宿傩,2020-10-03,50
漏瑚,2020-10-03,6
狗卷棘,2020-10-03,9
禅院真希,2020-10-03,9
熊猫,2020-10-03,50
东堂葵,2020-10-03,16
三轮霞,2020-10-03,3
伊地知洁高,2020-10-03,2
夏油杰,2020-10-03,7
乙骨优太,2020-10-03,0
虎杖悠仁,2020-10-02,38
五条悟,2020-10-02,56
伏黑惠,2020-10-02,22
七海建人,2020-10-02,0
钉崎野蔷薇,2020-10-02,13
家入硝子,2020-10-02,0
两面宿傩,2020-10-02,18
漏瑚,2020-10-02,6
狗卷棘,2020-10-02,0
禅院真希,2020-10-02,0
熊猫,2020-10-02,8
东堂葵,2020-10-02,3
三轮霞,2020-10-02,0
伊地知洁高,2020-10-02,0
夏油杰,2020-10-02,2
乙骨优太,2020-10-02,6
虎杖悠仁,2020-10-01,224
五条悟,2020-10-01,425
伏黑惠,2020-10-01,242
七海建人,2020-10-01,18
钉崎野蔷薇,2020-10-01,79
家入硝子,2020-10-01,8
两面宿傩,2020-10-01,99
漏瑚,2020-10-01,6
狗卷棘,2020-10-01,15
禅院真希,2020-10-01,10
熊猫,2020-10-01,40
东堂葵,2020-10-01,15
三轮霞,2020-10-01,16
伊地知洁高,2020-10-01,8
夏油杰,2020-10-01,13
乙骨优太,2020-10-01,29
虎杖悠仁,2020-10-05,104
五条悟,2020-10-05,112
伏黑惠,2020-10-05,32
七海建人,2020-10-05,26
钉崎野蔷薇,2020-10-05,6
家入硝子,2020-10-05,0
两面宿傩,2020-10-05,37
漏瑚,2020-10-05,0
狗卷棘,2020-10-05,6
禅院真希,2020-10-05,0
熊猫,2020-10-05,20
东堂葵,2020-10-05,4
三轮霞,2020-10-05,0
伊地知洁高,2020-10-05,0
夏油杰,2020-10-05,0
乙骨优太,2020-10-05,5
虎杖悠仁,2020-10-06,52
五条悟,2020-10-06,44
伏黑惠,2020-10-06,55
七海建人,2020-10-06,4
钉崎野蔷薇,2020-10-06,8
家入硝子,2020-10-06,0
两面宿傩,2020-10-06,21
漏瑚,2020-10-06,0
狗卷棘,2020-10-06,4
禅院真希,2020-10-06,0
熊猫,2020-10-06,42
东堂葵,2020-10-06,5
三轮霞,2020-10-06,0
伊地知洁高,2020-10-06,0
夏油杰,2020-10-06,0
乙骨优太,2020-10-06,0
虎杖悠仁,2020-10-07,20
五条悟,2020-10-07,80
伏黑惠,2020-10-07,20
七海建人,2020-10-07,0
钉崎野蔷薇,2020-10-07,8
家入硝子,2020-10-07,0
两面宿傩,2020-10-07,20
漏瑚,2020-10-07,0
狗卷棘,2020-10-07,0
禅院真希,2020-10-07,0
熊猫,2020-10-07,8
东堂葵,2020-10-07,12
三轮霞,2020-10-07,0
伊地知洁高,2020-10-07,0
夏油杰,2020-10-07,10
乙骨优太,2020-10-07,0
虎杖悠仁,2020-10-08,33
五条悟,2020-10-08,21
伏黑惠,2020-10-08,63
七海建人,2020-10-08,15
钉崎野蔷薇,2020-10-08,9
家入硝子,2020-10-08,0
两面宿傩,2020-10-08,45
漏瑚,2020-10-08,0
狗卷棘,2020-10-08,0
禅院真希,2020-10-08,0
熊猫,2020-10-08,12
东堂葵,2020-10-08,6
三轮霞,2020-10-08,0
伊地知洁高,2020-10-08,0
夏油杰,2020-10-08,0
乙骨优太,2020-10-08,0
虎杖悠仁,2020-10-09,17
五条悟,2020-10-09,27
伏黑惠,2020-10-09,6
七海建人,2020-10-09,3
钉崎野蔷薇,2020-10-09,6
家入硝子,2020-10-09,0
两面宿傩,2020-10-09,2
漏瑚,2020-10-09,0
狗卷棘,2020-10-09,0
禅院真希,2020-10-09,0
熊猫,2020-10-09,6
东堂葵,2020-10-09,0
三轮霞,2020-10-09,0
伊地知洁高,2020-10-09,0
夏油杰,2020-10-09,0
乙骨优太,2020-10-09,0
虎杖悠仁,2020-10-10,42
五条悟,2020-10-10,102
伏黑惠,2020-10-10,23
七海建人,2020-10-10,0
钉崎野蔷薇,2020-10-10,11
家入硝子,2020-10-10,0
两面宿傩,2020-10-10,12
漏瑚,2020-10-10,0
狗卷棘,2020-10-10,17
禅院真希,2020-10-10,0
熊猫,2020-10-10,22
东堂葵,2020-10-10,8
三轮霞,2020-10-10,0
伊地知洁高,2020-10-10,0
夏油杰,2020-10-10,0
乙骨优太,2020-10-10,0
虎杖悠仁,2020-10-11,90
五条悟,2020-10-11,109
伏黑惠,2020-10-11,55
七海建人,2020-10-11,0
钉崎野蔷薇,2020-10-11,23
家入硝子,2020-10-11,0
两面宿傩,2020-10-11,0
漏瑚,2020-10-11,0
狗卷棘,2020-10-11,6
禅院真希,2020-10-11,0
熊猫,2020-10-11,52
东堂葵,2020-10-11,5
三轮霞,2020-10-11,0
伊地知洁高,2020-10-11,0
夏油杰,2020-10-11,0
乙骨优太,2020-10-11,0
虎杖悠仁,2020-10-12,21
五条悟,2020-10-12,23
伏黑惠,2020-10-12,15
七海建人,2020-10-12,0
钉崎野蔷薇,2020-10-12,5
家入硝子,2020-10-12,0
两面宿傩,2020-10-12,5
漏瑚,2020-10-12,0
狗卷棘,2020-10-12,0
禅院真希,2020-10-12,0
熊猫,2020-10-12,10
东堂葵,2020-10-12,0
三轮霞,2020-10-12,0
伊地知洁高,2020-10-12,0
夏油杰,2020-10-12,0
乙骨优太,2020-10-12,0
虎杖悠仁,2020-10-13,5
五条悟,2020-10-13,20
伏黑惠,2020-10-13,30
七海建人,2020-10-13,0
钉崎野蔷薇,2020-10-13,0
家入硝子,2020-10-13,0
两面宿傩,2020-10-13,0
漏瑚,2020-10-13,0
狗卷棘,2020-10-13,0
禅院真希,2020-10-13,0
熊猫,2020-10-13,20
东堂葵,2020-10-13,0
三轮霞,2020-10-13,5
伊地知洁高,2020-10-13,0
夏油杰,2020-10-13,0
乙骨优太,2020-10-13,0
虎杖悠仁,2020-10-14,16
五条悟,2020-10-14,20
伏黑惠,2020-10-14,28
七海建人,2020-10-14,8
钉崎野蔷薇,2020-10-14,12
家入硝子,2020-10-14,0
两面宿傩,2020-10-14,0
漏瑚,2020-10-14,0
狗卷棘,2020-10-14,0
禅院真希,2020-10-14,0
熊猫,2020-10-14,0
东堂葵,2020-10-14,0
三轮霞,2020-10-14,0
伊地知洁高,2020-10-14,0
夏油杰,2020-10-14,0
乙骨优太,2020-10-14,0
虎杖悠仁,2020-10-15,11
五条悟,2020-10-15,16
伏黑惠,2020-10-15,4
七海建人,2020-10-15,0
钉崎野蔷薇,2020-10-15,10
家入硝子,2020-10-15,0
两面宿傩,2020-10-15,3
漏瑚,2020-10-15,0
狗卷棘,2020-10-15,4
禅院真希,2020-10-15,0
熊猫,2020-10-15,32
东堂葵,2020-10-15,4
三轮霞,2020-10-15,0
伊地知洁高,2020-10-15,0
夏油杰,2020-10-15,0
乙骨优太,2020-10-15,0
虎杖悠仁,2020-10-16,8
五条悟,2020-10-16,40
伏黑惠,2020-10-16,24
七海建人,2020-10-16,4
钉崎野蔷薇,2020-10-16,4
家入硝子,2020-10-16,0
两面宿傩,2020-10-16,0
漏瑚,2020-10-16,0
狗卷棘,2020-10-16,4
禅院真希,2020-10-16,0
熊猫,2020-10-16,16
东堂葵,2020-10-16,4
三轮霞,2020-10-16,0
伊地知洁高,2020-10-16,0
夏油杰,2020-10-16,0
乙骨优太,2020-10-16,0
虎杖悠仁,2020-10-17,84
五条悟,2020-10-17,87
伏黑惠,2020-10-17,36
七海建人,2020-10-17,7
钉崎野蔷薇,2020-10-17,20
家入硝子,2020-10-17,0
两面宿傩,2020-10-17,0
漏瑚,2020-10-17,0
狗卷棘,2020-10-17,0
禅院真希,2020-10-17,0
熊猫,2020-10-17,8
东堂葵,2020-10-17,0
三轮霞,2020-10-17,0
伊地知洁高,2020-10-17,0
夏油杰,2020-10-17,0
乙骨优太,2020-10-17,0
虎杖悠仁,2020-10-18,171
五条悟,2020-10-18,53
伏黑惠,2020-10-18,77
七海建人,2020-10-18,0
钉崎野蔷薇,2020-10-18,18
家入硝子,2020-10-18,0
两面宿傩,2020-10-18,6
漏瑚,2020-10-18,0
狗卷棘,2020-10-18,0
禅院真希,2020-10-18,0
熊猫,2020-10-18,60
东堂葵,2020-10-18,20
三轮霞,2020-10-18,0
伊地知洁高,2020-10-18,0
夏油杰,2020-10-18,12
乙骨优太,2020-10-18,0
虎杖悠仁,2020-10-19,54
五条悟,2020-10-19,24
伏黑惠,2020-10-19,30
七海建人,2020-10-19,0
钉崎野蔷薇,2020-10-19,6
家入硝子,2020-10-19,0
两面宿傩,2020-10-19,0
漏瑚,2020-10-19,0
狗卷棘,2020-10-19,0
禅院真希,2020-10-19,6
熊猫,2020-10-19,24
东堂葵,2020-10-19,6
三轮霞,2020-10-19,0
伊地知洁高,2020-10-19,0
夏油杰,2020-10-19,0
乙骨优太,2020-10-19,0
虎杖悠仁,2020-10-20,33
五条悟,2020-10-20,23
伏黑惠,2020-10-20,0
七海建人,2020-10-20,0
钉崎野蔷薇,2020-10-20,6
家入硝子,2020-10-20,0
两面宿傩,2020-10-20,5
漏瑚,2020-10-20,0
狗卷棘,2020-10-20,0
禅院真希,2020-10-20,0
熊猫,2020-10-20,32
东堂葵,2020-10-20,0
三轮霞,2020-10-20,0
伊地知洁高,2020-10-20,0
夏油杰,2020-10-20,0
乙骨优太,2020-10-20,0
虎杖悠仁,2020-10-21,17
五条悟,2020-10-21,16
伏黑惠,2020-10-21,12
七海建人,2020-10-21,0
钉崎野蔷薇,2020-10-21,5
家入硝子,2020-10-21,0
两面宿傩,2020-10-21,0
漏瑚,2020-10-21,0
狗卷棘,2020-10-21,0
禅院真希,2020-10-21,0
熊猫,2020-10-21,0
东堂葵,2020-10-21,0
三轮霞,2020-10-21,0
伊地知洁高,2020-10-21,0
夏油杰,2020-10-21,0
乙骨优太,2020-10-21,0
虎杖悠仁,2020-10-22,10
五条悟,2020-10-22,26
伏黑惠,2020-10-22,15
七海建人,2020-10-22,5
钉崎野蔷薇,2020-10-22,5
家入硝子,2020-10-22,0
两面宿傩,2020-10-22,12
漏瑚,2020-10-22,6
狗卷棘,2020-10-22,0
禅院真希,2020-10-22,0
熊猫,2020-10-22,0
东堂葵,2020-10-22,0
三轮霞,2020-10-22,0
伊地知洁高,2020-10-22,0
夏油杰,2020-10-22,0
乙骨优太,2020-10-22,5
虎杖悠仁,2020-10-23,20
五条悟,2020-10-23,65
伏黑惠,2020-10-23,0
七海建人,2020-10-23,0
钉崎野蔷薇,2020-10-23,20
家入硝子,2020-10-23,0
两面宿傩,2020-10-23,5
漏瑚,2020-10-23,0
狗卷棘,2020-10-23,0
禅院真希,2020-10-23,5
熊猫,2020-10-23,0
东堂葵,2020-10-23,0
三轮霞,2020-10-23,0
伊地知洁高,2020-10-23,0
夏油杰,2020-10-23,0
乙骨优太,2020-10-23,0
虎杖悠仁,2020-10-24,78
五条悟,2020-10-24,58
伏黑惠,2020-10-24,19
七海建人,2020-10-24,0
钉崎野蔷薇,2020-10-24,10
家入硝子,2020-10-24,0
两面宿傩,2020-10-24,12
漏瑚,2020-10-24,0
狗卷棘,2020-10-24,0
禅院真希,2020-10-24,0
熊猫,2020-10-24,30
东堂葵,2020-10-24,0
三轮霞,2020-10-24,0
伊地知洁高,2020-10-24,0
夏油杰,2020-10-24,0
乙骨优太,2020-10-24,0
虎杖悠仁,2020-10-25,78
五条悟,2020-10-25,72
伏黑惠,2020-10-25,24
七海建人,2020-10-25,0
钉崎野蔷薇,2020-10-25,0
家入硝子,2020-10-25,0
两面宿傩,2020-10-25,24
漏瑚,2020-10-25,0
狗卷棘,2020-10-25,0
禅院真希,2020-10-25,0
熊猫,2020-10-25,24
东堂葵,2020-10-25,0
三轮霞,2020-10-25,0
伊地知洁高,2020-10-25,0
夏油杰,2020-10-25,0
乙骨优太,2020-10-25,0
虎杖悠仁,2020-10-26,33
五条悟,2020-10-26,35
伏黑惠,2020-10-26,5
七海建人,2020-10-26,11
钉崎野蔷薇,2020-10-26,0
家入硝子,2020-10-26,0
两面宿傩,2020-10-26,0
漏瑚,2020-10-26,0
狗卷棘,2020-10-26,0
禅院真希,2020-10-26,0
熊猫,2020-10-26,42
东堂葵,2020-10-26,0
三轮霞,2020-10-26,0
伊地知洁高,2020-10-26,0
夏油杰,2020-10-26,0
乙骨优太,2020-10-26,0
虎杖悠仁,2020-10-27,20
五条悟,2020-10-27,20
伏黑惠,2020-10-27,15
七海建人,2020-10-27,5
钉崎野蔷薇,2020-10-27,0
家入硝子,2020-10-27,0
两面宿傩,2020-10-27,0
漏瑚,2020-10-27,0
狗卷棘,2020-10-27,5
禅院真希,2020-10-27,0
熊猫,2020-10-27,20
东堂葵,2020-10-27,5
三轮霞,2020-10-27,0
伊地知洁高,2020-10-27,0
夏油杰,2020-10-27,0
乙骨优太,2020-10-27,0
虎杖悠仁,2020-10-28,22
五条悟,2020-10-28,12
伏黑惠,2020-10-28,44
七海建人,2020-10-28,0
钉崎野蔷薇,2020-10-28,4
家入硝子,2020-10-28,0
两面宿傩,2020-10-28,24
漏瑚,2020-10-28,0
狗卷棘,2020-10-28,8
禅院真希,2020-10-28,0
熊猫,2020-10-28,28
东堂葵,2020-10-28,0
三轮霞,2020-10-28,0
伊地知洁高,2020-10-28,0
夏油杰,2020-10-28,0
乙骨优太,2020-10-28,0
虎杖悠仁,2020-10-29,27
五条悟,2020-10-29,12
伏黑惠,2020-10-29,5
七海建人,2020-10-29,0
钉崎野蔷薇,2020-10-29,0
家入硝子,2020-10-29,0
两面宿傩,2020-10-29,0
漏瑚,2020-10-29,0
狗卷棘,2020-10-29,0
禅院真希,2020-10-29,0
熊猫,2020-10-29,24
东堂葵,2020-10-29,0
三轮霞,2020-10-29,0
伊地知洁高,2020-10-29,0
夏油杰,2020-10-29,8
乙骨优太,2020-10-29,0
虎杖悠仁,2020-10-30,54
五条悟,2020-10-30,40
伏黑惠,2020-10-30,4
七海建人,2020-10-30,0
钉崎野蔷薇,2020-10-30,10
家入硝子,2020-10-30,0
两面宿傩,2020-10-30,24
漏瑚,2020-10-30,0
狗卷棘,2020-10-30,0
禅院真希,2020-10-30,0
熊猫,2020-10-30,18
东堂葵,2020-10-30,4
三轮霞,2020-10-30,0
伊地知洁高,2020-10-30,0
夏油杰,2020-10-30,4
乙骨优太,2020-10-30,0
虎杖悠仁,2020-10-31,60
五条悟,2020-10-31,80
伏黑惠,2020-10-31,45
七海建人,2020-10-31,0
钉崎野蔷薇,2020-10-31,12
家入硝子,2020-10-31,0
两面宿傩,2020-10-31,15
漏瑚,2020-10-31,0
狗卷棘,2020-10-31,24
禅院真希,2020-10-31,0
熊猫,2020-10-31,62
东堂葵,2020-10-31,11
三轮霞,2020-10-31,6
伊地知洁高,2020-10-31,0
夏油杰,2020-10-31,0
乙骨优太,2020-10-31,0
虎杖悠仁,2020-11-05,21
五条悟,2020-11-05,3
伏黑惠,2020-11-05,3
七海建人,2020-11-05,3
钉崎野蔷薇,2020-11-05,0
家入硝子,2020-11-05,0
两面宿傩,2020-11-05,0
漏瑚,2020-11-05,0
狗卷棘,2020-11-05,0
禅院真希,2020-11-05,0
熊猫,2020-11-05,0
东堂葵,2020-11-05,0
三轮霞,2020-11-05,0
伊地知洁高,2020-11-05,0
夏油杰,2020-11-05,0
乙骨优太,2020-11-05,0
虎杖悠仁,2020-11-06,12
五条悟,2020-11-06,3
伏黑惠,2020-11-06,29
七海建人,2020-11-06,6
钉崎野蔷薇,2020-11-06,3
家入硝子,2020-11-06,0
两面宿傩,2020-11-06,6
漏瑚,2020-11-06,0
狗卷棘,2020-11-06,0
禅院真希,2020-11-06,0
熊猫,2020-11-06,0
东堂葵,2020-11-06,6
三轮霞,2020-11-06,0
伊地知洁高,2020-11-06,0
夏油杰,2020-11-06,0
乙骨优太,2020-11-06,0
虎杖悠仁,2020-11-07,71
五条悟,2020-11-07,62
伏黑惠,2020-11-07,49
七海建人,2020-11-07,0
钉崎野蔷薇,2020-11-07,4
家入硝子,2020-11-07,0
两面宿傩,2020-11-07,0
漏瑚,2020-11-07,0
狗卷棘,2020-11-07,0
禅院真希,2020-11-07,0
熊猫,2020-11-07,48
东堂葵,2020-11-07,9
三轮霞,2020-11-07,2
伊地知洁高,2020-11-07,0
夏油杰,2020-11-07,0
乙骨优太,2020-11-07,0
虎杖悠仁,2020-11-08,89
五条悟,2020-11-08,94
伏黑惠,2020-11-08,41
七海建人,2020-11-08,0
钉崎野蔷薇,2020-11-08,5
家入硝子,2020-11-08,0
两面宿傩,2020-11-08,5
漏瑚,2020-11-08,0
狗卷棘,2020-11-08,8
禅院真希,2020-11-08,0
熊猫,2020-11-08,66
东堂葵,2020-11-08,6
三轮霞,2020-11-08,0
伊地知洁高,2020-11-08,0
夏油杰,2020-11-08,0
乙骨优太,2020-11-08,0
虎杖悠仁,2020-11-09,25
五条悟,2020-11-09,15
伏黑惠,2020-11-09,20
七海建人,2020-11-09,0
钉崎野蔷薇,2020-11-09,15
家入硝子,2020-11-09,0
两面宿傩,2020-11-09,0
漏瑚,2020-11-09,0
狗卷棘,2020-11-09,10
禅院真希,2020-11-09,0
熊猫,2020-11-09,30
东堂葵,2020-11-09,5
三轮霞,2020-11-09,0
伊地知洁高,2020-11-09,0
夏油杰,2020-11-09,0
乙骨优太,2020-11-09,0
虎杖悠仁,2020-11-10,36
五条悟,2020-11-10,48
伏黑惠,2020-11-10,4
七海建人,2020-11-10,0
钉崎野蔷薇,2020-11-10,4
家入硝子,2020-11-10,0
两面宿傩,2020-11-10,0
漏瑚,2020-11-10,0
狗卷棘,2020-11-10,0
禅院真希,2020-11-10,4
熊猫,2020-11-10,16
东堂葵,2020-11-10,4
三轮霞,2020-11-10,0
伊地知洁高,2020-11-10,0
夏油杰,2020-11-10,0
乙骨优太,2020-11-10,0
虎杖悠仁,2020-11-11,6
五条悟,2020-11-11,18
伏黑惠,2020-11-11,15
七海建人,2020-11-11,0
钉崎野蔷薇,2020-11-11,0
家入硝子,2020-11-11,0
两面宿傩,2020-11-11,3
漏瑚,2020-11-11,0
狗卷棘,2020-11-11,4
禅院真希,2020-11-11,3
熊猫,2020-11-11,0
东堂葵,2020-11-11,0
三轮霞,2020-11-11,0
伊地知洁高,2020-11-11,0
夏油杰,2020-11-11,0
乙骨优太,2020-11-11,4
虎杖悠仁,2020-11-12,24
五条悟,2020-11-12,18
伏黑惠,2020-11-12,18
七海建人,2020-11-12,0
钉崎野蔷薇,2020-11-12,3
家入硝子,2020-11-12,0
两面宿傩,2020-11-12,9
漏瑚,2020-11-12,0
狗卷棘,2020-11-12,0
禅院真希,2020-11-12,0
熊猫,2020-11-12,0
东堂葵,2020-11-12,0
三轮霞,2020-11-12,0
伊地知洁高,2020-11-12,0
夏油杰,2020-11-12,0
乙骨优太,2020-11-12,9
虎杖悠仁,2020-11-13,22
五条悟,2020-11-13,12
伏黑惠,2020-11-13,16
七海建人,2020-11-13,0
钉崎野蔷薇,2020-11-13,0
家入硝子,2020-11-13,0
两面宿傩,2020-11-13,6
漏瑚,2020-11-13,0
狗卷棘,2020-11-13,0
禅院真希,2020-11-13,0
熊猫,2020-11-13,8
东堂葵,2020-11-13,0
三轮霞,2020-11-13,0
伊地知洁高,2020-11-13,0
夏油杰,2020-11-13,0
乙骨优太,2020-11-13,2
虎杖悠仁,2020-11-14,38
五条悟,2020-11-14,46
伏黑惠,2020-11-14,8
七海建人,2020-11-14,0
钉崎野蔷薇,2020-11-14,4
家入硝子,2020-11-14,0
两面宿傩,2020-11-14,6
漏瑚,2020-11-14,0
狗卷棘,2020-11-14,4
禅院真希,2020-11-14,0
熊猫,2020-11-14,44
东堂葵,2020-11-14,8
三轮霞,2020-11-14,0
伊地知洁高,2020-11-14,0
夏油杰,2020-11-14,0
乙骨优太,2020-11-14,0
虎杖悠仁,2020-11-15,39
五条悟,2020-11-15,61
伏黑惠,2020-11-15,46
七海建人,2020-11-15,8
钉崎野蔷薇,2020-11-15,8
家入硝子,2020-11-15,0
两面宿傩,2020-11-15,9
漏瑚,2020-11-15,0
狗卷棘,2020-11-15,4
禅院真希,2020-11-15,0
熊猫,2020-11-15,54
东堂葵,2020-11-15,8
三轮霞,2020-11-15,0
伊地知洁高,2020-11-15,0
夏油杰,2020-11-15,0
乙骨优太,2020-11-15,0
虎杖悠仁,2020-11-16,32
五条悟,2020-11-16,33
伏黑惠,2020-11-16,19
七海建人,2020-11-16,0
钉崎野蔷薇,2020-11-16,8
家入硝子,2020-11-16,0
两面宿傩,2020-11-16,10
漏瑚,2020-11-16,0
狗卷棘,2020-11-16,0
禅院真希,2020-11-16,5
熊猫,2020-11-16,30
东堂葵,2020-11-16,0
三轮霞,2020-11-16,0
伊地知洁高,2020-11-16,0
夏油杰,2020-11-16,0
乙骨优太,2020-11-16,0
虎杖悠仁,2020-11-17,32
五条悟,2020-11-17,44
伏黑惠,2020-11-17,28
七海建人,2020-11-17,0
钉崎野蔷薇,2020-11-17,0
家入硝子,2020-11-17,0
两面宿傩,2020-11-17,0
漏瑚,2020-11-17,0
狗卷棘,2020-11-17,0
禅院真希,2020-11-17,0
熊猫,2020-11-17,32
东堂葵,2020-11-17,0
三轮霞,2020-11-17,0
伊地知洁高,2020-11-17,0
夏油杰,2020-11-17,0
乙骨优太,2020-11-17,0
虎杖悠仁,2020-11-18,21
五条悟,2020-11-18,18
伏黑惠,2020-11-18,6
七海建人,2020-11-18,3
钉崎野蔷薇,2020-11-18,0
家入硝子,2020-11-18,0
两面宿傩,2020-11-18,12
漏瑚,2020-11-18,0
狗卷棘,2020-11-18,0
禅院真希,2020-11-18,0
熊猫,2020-11-18,12
东堂葵,2020-11-18,0
三轮霞,2020-11-18,0
伊地知洁高,2020-11-18,0
夏油杰,2020-11-18,0
乙骨优太,2020-11-18,0
虎杖悠仁,2020-11-19,36
五条悟,2020-11-19,58
伏黑惠,2020-11-19,12
七海建人,2020-11-19,0
钉崎野蔷薇,2020-11-19,9
家入硝子,2020-11-19,0
两面宿傩,2020-11-19,0
漏瑚,2020-11-19,0
狗卷棘,2020-11-19,0
禅院真希,2020-11-19,0
熊猫,2020-11-19,30
东堂葵,2020-11-19,3
三轮霞,2020-11-19,0
伊地知洁高,2020-11-19,0
夏油杰,2020-11-19,0
乙骨优太,2020-11-19,0
虎杖悠仁,2020-11-20,14
五条悟,2020-11-20,36
伏黑惠,2020-11-20,16
七海建人,2020-11-20,4
钉崎野蔷薇,2020-11-20,6
家入硝子,2020-11-20,0
两面宿傩,2020-11-20,10
漏瑚,2020-11-20,0
狗卷棘,2020-11-20,0
禅院真希,2020-11-20,0
熊猫,2020-11-20,16
东堂葵,2020-11-20,4
三轮霞,2020-11-20,0
伊地知洁高,2020-11-20,0
夏油杰,2020-11-20,0
乙骨优太,2020-11-20,0
虎杖悠仁,2020-11-21,50
五条悟,2020-11-21,55
伏黑惠,2020-11-21,29
七海建人,2020-11-21,2
钉崎野蔷薇,2020-11-21,0
家入硝子,2020-11-21,0
两面宿傩,2020-11-21,19
漏瑚,2020-11-21,0
狗卷棘,2020-11-21,0
禅院真希,2020-11-21,0
熊猫,2020-11-21,16
东堂葵,2020-11-21,6
三轮霞,2020-11-21,0
伊地知洁高,2020-11-21,0
夏油杰,2020-11-21,0
乙骨优太,2020-11-21,0
虎杖悠仁,2020-11-22,105
五条悟,2020-11-22,111
伏黑惠,2020-11-22,75
七海建人,2020-11-22,0
钉崎野蔷薇,2020-11-22,4
家入硝子,2020-11-22,0
两面宿傩,2020-11-22,14
漏瑚,2020-11-22,0
狗卷棘,2020-11-22,4
禅院真希,2020-11-22,0
熊猫,2020-11-22,36
东堂葵,2020-11-22,14
三轮霞,2020-11-22,0
伊地知洁高,2020-11-22,0
夏油杰,2020-11-22,0
乙骨优太,2020-11-22,0
虎杖悠仁,2020-11-23,60
五条悟,2020-11-23,125
伏黑惠,2020-11-23,20
七海建人,2020-11-23,0
钉崎野蔷薇,2020-11-23,5
家入硝子,2020-11-23,0
两面宿傩,2020-11-23,19
漏瑚,2020-11-23,0
狗卷棘,2020-11-23,0
禅院真希,2020-11-23,0
熊猫,2020-11-23,20
东堂葵,2020-11-23,0
三轮霞,2020-11-23,0
伊地知洁高,2020-11-23,0
夏油杰,2020-11-23,0
乙骨优太,2020-11-23,0
虎杖悠仁,2020-11-24,28
五条悟,2020-11-24,40
伏黑惠,2020-11-24,16
七海建人,2020-11-24,0
钉崎野蔷薇,2020-11-24,8
家入硝子,2020-11-24,0
两面宿傩,2020-11-24,0
漏瑚,2020-11-24,0
狗卷棘,2020-11-24,0
禅院真希,2020-11-24,0
熊猫,2020-11-24,48
东堂葵,2020-11-24,0
三轮霞,2020-11-24,0
伊地知洁高,2020-11-24,0
夏油杰,2020-11-24,0
乙骨优太,2020-11-24,0
虎杖悠仁,2020-11-25,21
五条悟,2020-11-25,9
伏黑惠,2020-11-25,21
七海建人,2020-11-25,0
钉崎野蔷薇,2020-11-25,0
家入硝子,2020-11-25,0
两面宿傩,2020-11-25,6
漏瑚,2020-11-25,0
狗卷棘,2020-11-25,0
禅院真希,2020-11-25,0
熊猫,2020-11-25,6
东堂葵,2020-11-25,6
三轮霞,2020-11-25,0
伊地知洁高,2020-11-25,0
夏油杰,2020-11-25,0
乙骨优太,2020-11-25,0
虎杖悠仁,2020-11-26,22
五条悟,2020-11-26,12
伏黑惠,2020-11-26,18
七海建人,2020-11-26,0
钉崎野蔷薇,2020-11-26,2
家入硝子,2020-11-26,0
两面宿傩,2020-11-26,2
漏瑚,2020-11-26,0
狗卷棘,2020-11-26,0
禅院真希,2020-11-26,0
熊猫,2020-11-26,8
东堂葵,2020-11-26,2
三轮霞,2020-11-26,0
伊地知洁高,2020-11-26,0
夏油杰,2020-11-26,0
乙骨优太,2020-11-26,0
虎杖悠仁,2020-11-27,11
五条悟,2020-11-27,17
伏黑惠,2020-11-27,13
七海建人,2020-11-27,0
钉崎野蔷薇,2020-11-27,0
家入硝子,2020-11-27,0
两面宿傩,2020-11-27,11
漏瑚,2020-11-27,0
狗卷棘,2020-11-27,2
禅院真希,2020-11-27,0
熊猫,2020-11-27,2
东堂葵,2020-11-27,4
三轮霞,2020-11-27,0
伊地知洁高,2020-11-27,0
夏油杰,2020-11-27,0
乙骨优太,2020-11-27,0
